Model,TrainRMSE,TestRMSE
ElasticNet,127.66908401880177,131.30918712826795
