Model,TrainRMSE,TestRMSE
KNN,28.157113686972647,69.91434938551599
