Model,TrainRMSE,TestRMSE
Lasso,135.6397097791016,150.3827388060403
