Model,TrainRMSE,TestRMSE
LinearRegression,208.03223054644036,217.19267445606343
