Model,TrainRMSE,TestRMSE
QuantileForest,33.397518005377854,62.25080403859976
