Model,TrainRMSE,TestRMSE
QuantileForest,32.86305310603084,63.538976080619484
