Model,TrainRMSE,TestRMSE
QuantileForest,33.51560208814811,61.84832560942892
