Model,TrainRMSE,TestRMSE
QuantileForest,33.84979290161949,62.97271868979133
