Model,TrainRMSE,TestRMSE
RandomForest,33.77732935006497,64.52474940206207
