Model,TrainRMSE,TestRMSE
XGBoost,11.665271133212592,65.84148023305404
